------------------------------------DATA---------------------------------
-- Dữ liệu thử nghiệm cho bảng KHACHHANG
INSERT INTO KHACHHANG (SDT, Ten) VALUES
('0123456789', N'Nguyễn Văn A'),
('0987654321', N'Trần Thị B'),
('0912345678', N'Lê Văn C'),
('0908765432', N'Phạm Thị D'),
('0934567890', N'Ngô Văn E'),
('0956789012', N'Huỳnh Thị F'),
('0981234567', N'Đỗ Văn G'),
('0945678901', N'Bùi Thị H'),
('0967890123', N'Võ Văn I'),
('0923456789', N'Hồ Thị K');

-- Dữ liệu thử nghiệm cho bảng KHACHHANGTHE
INSERT INTO KHACHHANGTHE (SDT, NgaySinh, NgayLapThe, LoaiThe) VALUES
('0123456789', '1990-01-01', '2022-01-01', NULL),
('0987654321', '1985-05-05', '2023-03-15', NULL),
('0912345678', '1992-02-02', '2021-06-10', NULL),
('0908765432', '1988-08-08', '2023-05-20', NULL),
('0934567890', '1995-03-03', '2023-07-01', NULL),
('0956789012', '1991-04-04', '2023-08-25', NULL),
('0981234567', '1990-12-12', '2023-09-30', NULL),
('0945678901', '1989-06-06', '2023-10-10', NULL),
('0967890123', '1987-07-07', '2023-11-11', NULL),
('0923456789', '1994-09-09', '2023-12-12', NULL);

-- Dữ liệu thử nghiệm cho bảng DANHMUC
INSERT INTO DANHMUC (IDDanhMuc, TenDanhMuc) VALUES
('DM001', N'Điện thoại'),
('DM002', N'Laptop'),
('DM003', N'Tai nghe'),
('DM004', N'Phụ kiện'),
('DM005', N'Máy tính bảng'),
('DM006', N'Đồng hồ thông minh'),
('DM007', N'Camera');

-- Dữ liệu thử nghiệm cho bảng SANPHAM (50 sản phẩm)
INSERT INTO SANPHAM (IDSanPham, TenSanPham, NSX, GiaNiemYet, IDDanhMuc) VALUES
('SP001', N'iPhone 14', N'Apple', 30000000, 'DM001'),
('SP002', N'Samsung Galaxy S22', N'Samsung', 25000000, 'DM001'),
('SP003', N'MacBook Air M2', N'Apple', 35000000, 'DM002'),
('SP004', N'Dell XPS 13', N'Dell', 28000000, 'DM002'),
('SP005', N'AirPods Pro', N'Apple', 5000000, 'DM003'),
('SP006', N'Sony WH-1000XM5', N'Sony', 10000000, 'DM003'),
('SP007', N'Oppo Reno8', N'Oppo', 18000000, 'DM001'),
('SP008', N'Apple Watch Series 8', N'Apple', 12000000, 'DM006'),
('SP009', N'iPad Pro', N'Apple', 25000000, 'DM005'),
('SP010', N'Logitech Mouse', N'Logitech', 800000, 'DM004'),
('SP011', N'Tai nghe Bose QC45', N'Bose', 7000000, 'DM003'),
('SP012', N'Surface Pro 9', N'Microsoft', 32000000, 'DM002'),
('SP013', N'Asus ROG Phone', N'Asus', 20000000, 'DM001'),
('SP014', N'Mi Band 8', N'Xiaomi', 1500000, 'DM006'),
('SP015', N'Surface Laptop Studio', N'Microsoft', 40000000, 'DM002'),
('SP016', N'Motorola Razr', N'Motorola', 22000000, 'DM001'),
('SP017', N'Kindle Paperwhite', N'Amazon', 3000000, 'DM005'),
('SP018', N'Canon EOS M50', N'Canon', 15000000, 'DM007'),
('SP019', N'Sony Alpha A6400', N'Sony', 20000000, 'DM007'),
('SP020', N'Sandisk SSD 1TB', N'Sandisk', 2500000, 'DM004'),
('SP021', N'GoPro Hero 11', N'GoPro', 12000000, 'DM007'),
('SP022', N'JBL Flip 6', N'JBL', 3000000, 'DM003'),
('SP023', N'Dell Alienware', N'Dell', 50000000, 'DM002'),
('SP024', N'Acer Predator', N'Acer', 45000000, 'DM002'),
('SP025', N'Sony Walkman ZX', N'Sony', 20000000, 'DM003'),
('SP026', N'Garmin Venu 2', N'Garmin', 10000000, 'DM006'),
('SP027', N'HP Spectre', N'HP', 34000000, 'DM002'),
('SP028', N'Asus ZenBook 14', N'Asus', 30000000, 'DM002'),
('SP029', N'Samsung Odyssey G9', N'Samsung', 40000000, 'DM004'),
('SP030', N'Philips Hue Lights', N'Philips', 2000000, 'DM004'),
('SP031', N'Dyson Airwrap', N'Dyson', 12000000, 'DM004'),
('SP032', N'Razer Blade 15', N'Razer', 60000000, 'DM002'),
('SP033', N'MS Surface Book', N'Microsoft', 45000000, 'DM002'),
('SP034', N'Lenovo ThinkPad X1', N'Lenovo', 42000000, 'DM002'),
('SP035', N'Xiaomi Mi 13', N'Xiaomi', 20000000, 'DM001'),
('SP036', N'Vivo X90', N'Vivo', 15000000, 'DM001'),
('SP037', N'Nokia X10', N'Nokia', 10000000, 'DM001'),
('SP038', N'Panasonic Lumix GX', N'Panasonic', 17000000, 'DM007'),
('SP039', N'Mavic Air 2', N'DJI', 30000000, 'DM007'),
('SP040', N'TCL Smart TV', N'TCL', 10000000, 'DM004'),
('SP041', N'Bose Soundbar 700', N'Bose', 25000000, 'DM003'),
('SP042', N'Xbox Series X', N'Microsoft', 15000000, 'DM004'),
('SP043', N'PlayStation 5', N'Sony', 16000000, 'DM004'),
('SP044', N'LG C1 OLED', N'LG', 45000000, 'DM004'),
('SP045', N'Apple HomePod', N'Apple', 8000000, 'DM003'),
('SP046', N'Galaxy Z Fold 4', N'Samsung', 50000000, 'DM001'),
('SP047', N'Dyson Vacuum V15', N'Dyson', 20000000, 'DM004'),
('SP048', N'Sony Bravia OLED', N'Sony', 60000000, 'DM004'),
('SP049', N'Nvidia RTX 4090', N'Nvidia', 80000000, 'DM004'),
('SP050', N'Galaxy Tab S8', N'Samsung', 20000000, 'DM005');

INSERT INTO KhoHang (IDSanPham, SL_SP_TD, SL_HT, SL_CG) VALUES
('SP001', 100, 50, 10),
('SP002', 120, 60, 15),
('SP003', 80, 40, 10),
('SP004', 90, 45, 12),
('SP005', 150, 100, 25),
('SP006', 100, 50, 20),
('SP007', 130, 70, 18),
('SP008', 50, 25, 8),
('SP009', 200, 120, 30),
('SP010', 300, 200, 50),
('SP011', 100, 50, 15),
('SP012', 70, 35, 10),
('SP013', 90, 50, 15),
('SP014', 300, 150, 40),
('SP015', 50, 20, 5),
('SP016', 110, 60, 18),
('SP017', 150, 90, 25),
('SP018', 75, 40, 12),
('SP019', 50, 30, 10),
('SP020', 200, 120, 35),
('SP021', 80, 40, 10),
('SP022', 100, 50, 20),
('SP023', 60, 30, 8),
('SP024', 90, 50, 15),
('SP025', 150, 80, 25),
('SP026', 75, 40, 12),
('SP027', 100, 50, 20),
('SP028', 200, 150, 40),
('SP029', 50, 20, 5),
('SP030', 110, 60, 18),
('SP031', 80, 40, 10),
('SP032', 75, 40, 15),
('SP033', 120, 70, 20),
('SP034', 90, 50, 15),
('SP035', 100, 60, 18),
('SP036', 200, 120, 35),
('SP037', 60, 30, 8),
('SP038', 50, 20, 5),
('SP039', 150, 90, 25),
('SP040', 300, 200, 50),
('SP041', 80, 40, 10),
('SP042', 70, 35, 12),
('SP043', 90, 50, 15),
('SP044', 50, 30, 8),
('SP045', 100, 60, 20),
('SP046', 75, 40, 12),
('SP047', 200, 150, 40),
('SP048', 120, 70, 20),
('SP049', 90, 50, 15),
('SP050', 300, 200, 50);

INSERT INTO DonHang (MaDonHang, SDT, NgayBan, TongGiaTriDonHang, CachThanhToan, TinhTrangDonHang, DonHangType, DiaChiGiaoHang, TinhTrangGiaoHang) VALUES
('DH001', '0123456789', '2024-12-01', 5000000, N'Tiền mặt', N'Thành công', N'Online', N'123 Lý Thường Kiệt', N'Đang giao'),
('DH002', '0987654321', '2024-12-02', 8000000, N'Thẻ tín dụng', N'Thành công', N'Offline', N'45 Phan Đình Phùng', N'Chưa giao'),
('DH003', '0912345678', '2024-12-03', 12000000, N'Tiền mặt', N'Thành công', N'Online', N'78 Trần Hưng Đạo', N'Đã giao'),
('DH004', '0908765432', '2024-12-04', 4500000, N'Chuyển khoản', N'Thành công', N'Offline', N'56 Nguyễn Huệ', N'Đang giao'),
('DH005', '0934567890', '2024-12-05', 6000000, N'Tiền mặt', N'Thành công', N'Online', N'12 Lê Lợi', N'Chưa giao'),
('DH006', '0956789012', '2024-12-06', 7000000, N'Thẻ tín dụng', N'Thành công', N'Online', N'34 Hùng Vương', N'Đang giao'),
('DH007', '0981234567', '2024-12-07', 3000000, N'Tiền mặt', N'Thành công', N'Offline', N'90 Lạc Long Quân', N'Đang giao'),
('DH008', '0945678901', '2024-12-08', 10000000, N'Thẻ tín dụng', N'Thành công', N'Online', N'123 Nguyễn Văn Linh', N'Đã giao'),
('DH009', '0967890123', '2024-12-09', 9000000, N'Tiền mặt', N'Thành công', N'Offline', N'45 Hoàng Diệu', N'Chưa giao'),
('DH010', '0923456789', '2024-12-10', 11000000, N'Chuyển khoản', N'Thành công', N'Online', N'78 Trường Chinh', N'Đang giao');

INSERT INTO SanPhamDonHang (MaDonHang, IDSanPham, SoLuong) VALUES
('DH001', 'SP001', 1),
('DH001', 'SP002', 2),
('DH002', 'SP003', 1),
('DH002', 'SP005', 3),
('DH003', 'SP006', 1),
('DH003', 'SP007', 1),
('DH004', 'SP008', 2),
('DH004', 'SP009', 1),
('DH005', 'SP010', 5),
('DH005', 'SP011', 1),
('DH006', 'SP012', 1),
('DH006', 'SP013', 1),
('DH007', 'SP014', 3),
('DH007', 'SP015', 1),
('DH008', 'SP016', 2),
('DH008', 'SP017', 1),
('DH009', 'SP018', 1),
('DH009', 'SP019', 2),
('DH010', 'SP020', 3),
('DH010', 'SP021', 1);

INSERT INTO GIAMGIA (MaGiamGia, TiLeGiamGia, NgayBatDauGiam, NgayKetThucGiam, SoLuongGiam, TrangThaiSale) VALUES
('GG001', 10, '2024-01-01', '2024-01-31', 100, 1),
('GG002', 20, '2024-02-01', '2024-02-28', 50, 1),
('GG003', 15, '2024-03-01', '2024-03-31', 150, 1),
('GG004', 25, '2024-04-01', '2024-04-30', 80, 1),
('GG005', 30, '2024-05-01', '2024-05-31', 120, 1),
('GG006', 10, '2024-06-01', '2024-06-30', 200, 1),
('GG007', 20, '2024-07-01', '2024-07-31', 100, 1),
('GG008', 15, '2024-08-01', '2024-08-31', 75, 1),
('GG009', 25, '2024-09-01', '2024-09-30', 90, 1),
('GG010', 30, '2024-10-01', '2024-10-31', 50, 1),
('GG011', 10, '2024-11-01', '2024-11-30', 100, 1),
('GG012', 20, '2024-12-01', '2024-12-31', 150, 1),
('GG013', 15, '2024-01-01', '2024-01-15', 80, 1),
('GG014', 25, '2024-02-01', '2024-02-15', 90, 1),
('GG015', 30, '2024-03-01', '2024-03-15', 60, 1),
('GG016', 10, '2024-04-01', '2024-04-15', 40, 1),
('GG017', 20, '2024-05-01', '2024-05-15', 120, 1),
('GG018', 15, '2024-06-01', '2024-06-15', 75, 1),
('GG019', 25, '2024-07-01', '2024-07-15', 100, 1),
('GG020', 30, '2024-08-01', '2024-08-15', 150, 1),
('GG021', 10, '2024-09-01', '2024-09-15', 200, 1),
('GG022', 20, '2024-10-01', '2024-10-15', 90, 1),
('GG023', 15, '2024-11-01', '2024-11-15', 120, 1),
('GG024', 25, '2024-12-01', '2024-12-15', 50, 1),
('GG025', 30, '2024-01-16', '2024-01-31', 80, 1),
('GG026', 10, '2024-02-16', '2024-02-29', 100, 1),
('GG027', 20, '2024-03-16', '2024-03-31', 150, 1),
('GG028', 15, '2024-04-16', '2024-04-30', 120, 1),
('GG029', 25, '2024-05-16', '2024-05-31', 200, 1),
('GG030', 30, '2024-06-16', '2024-06-30', 50, 1);

INSERT INTO FlashSale (MaGiamGia, IDSanPham) VALUES
('GG001', 'SP001'), ('GG002', 'SP002'), ('GG003', 'SP003'),
('GG004', 'SP004'), ('GG005', 'SP005'), ('GG006', 'SP006'),
('GG007', 'SP007'), ('GG008', 'SP008'), ('GG009', 'SP009'),
('GG010', 'SP010');

INSERT INTO ComboSale (MaGiamGia, IDSanPham1, IDSanPham2) VALUES
('GG011', 'SP011', 'SP012'), ('GG012', 'SP013', 'SP014'),
('GG013', 'SP015', 'SP016'), ('GG014', 'SP017', 'SP018'),
('GG015', 'SP019', 'SP020'), ('GG016', 'SP021', 'SP022'),
('GG017', 'SP023', 'SP024'), ('GG018', 'SP025', 'SP026'),
('GG019', 'SP027', 'SP028'), ('GG020', 'SP029', 'SP030');

INSERT INTO MemberSale (MaGiamGia, IDSanPham, LoaiKH) VALUES
('GG021', 'SP031', N'Gold'), ('GG022', 'SP032', N'Silver'),
('GG023', 'SP033', N'Platinum'), ('GG024', 'SP034', N'Gold'),
('GG025', 'SP035', N'Silver'), ('GG026', 'SP036', N'Platinum'),
('GG027', 'SP037', N'Gold'), ('GG028', 'SP038', N'Silver'),
('GG029', 'SP039', N'Platinum'), ('GG030', 'SP040', N'Gold');

INSERT INTO PhieuDat (MaPhieuDat, NgayDat) VALUES
('PD001', '2024-01-01'), ('PD002', '2024-02-01'), ('PD003', '2024-03-01'),
('PD004', '2024-04-01'), ('PD005', '2024-05-01'), ('PD006', '2024-06-01'),
('PD007', '2024-07-01'), ('PD008', '2024-08-01'), ('PD009', '2024-09-01'),
('PD010', '2024-10-01');

INSERT INTO HangDat (MaPhieuDat, IDSanPham, SLDat, SLDaGiao) VALUES
('PD001', 'SP001', 50, 30), ('PD002', 'SP002', 40, 20), ('PD003', 'SP003', 30, 25),
('PD004', 'SP004', 20, 10), ('PD005', 'SP005', 60, 50), ('PD006', 'SP006', 70, 60),
('PD007', 'SP007', 80, 70), ('PD008', 'SP008', 90, 80), ('PD009', 'SP009', 100, 90),
('PD010', 'SP010', 110, 100);
